{
  "extends": "solhint:recommended",
  "rules": {
    "compiler-version": ["error", "^0.8.0"],
    "func-visibility": ["warn", { "ignoreConstructors": true }],
    "reason-string": ["warn",{"maxLength":64}],
    "no-unused-vars": "warn",
    "const-name-snakecase": "error",
    "contract-name-camelcase": "error",
    "event-name-camelcase": "error",
    "func-name-mixedcase": "error",
    "func-param-name-mixedcase": "error",
    "modifier-name-mixedcase": "error",
    "private-vars-leading-underscore": "error",
    "var-name-mixedcase": "error",
    "imports-on-top": "error"
  }
}
